{
    "train": {
        "rmse": 4.393334487439883,
        "mae": 1.595920138421628,
        "r2": 0.989202986967054
    },
    "validation": {
        "rmse": 6.256047639327309,
        "mae": 1.9316276641212435,
        "r2": 0.9858811438987591
    },
    "test": {
        "rmse": 7.135039377789658,
        "mae": 2.000060192505319,
        "r2": 0.9778117574643066
    }
}