epoch,lr-AdamW,step,train_mae_loss_epoch,train_mae_loss_step,train_mse_loss_epoch,train_mse_loss_step,train_rmse_epoch,train_rmse_step,val_loss,val_mae_loss,val_rmse
,0.00034731146351276874,0,,,,,,,,,
0,,49,,48.8077278137207,,9181.8017578125,,95.82171630859375,,,
0,,88,,,,,,,8255.9658203125,56.61724853515625,88.41202545166016
0,,88,69.83460235595703,,14584.63671875,,115.1586685180664,,,,
,0.00017365573175638437,89,,,,,,,,,
1,,99,,43.90271759033203,,5043.8251953125,,71.01988983154297,,,
1,,149,,50.845420837402344,,8573.8896484375,,92.59529876708984,,,
1,,177,,,,,,,6274.970703125,53.08320999145508,77.7677993774414
1,,177,45.30278015136719,,5993.54541015625,,76.47235107421875,,,,
