{
    "train": {
        "rmse": 0.9935832746822972,
        "mae": 0.8089673467246677,
        "r2": -2.0981162140110143e-05
    },
    "validation": {
        "rmse": 1.092924295945011,
        "mae": 0.9559841556285101,
        "r2": -0.5101557126039498
    },
    "test": {
        "rmse": 1.2328467983638383,
        "mae": 1.0558239428730627,
        "r2": -1.0274216147164483
    }
}