{
    "train": {
        "rmse": 370.5191670254492,
        "mae": 15.168112643646852,
        "r2": 0.09212884854471382
    },
    "validation": {
        "rmse": 411.50801449117336,
        "mae": 15.792474793542171,
        "r2": 0.07129504501383499
    },
    "test": {
        "rmse": 348.01720020229885,
        "mae": 14.300873980320146,
        "r2": 0.0766893909853017
    }
}