epoch,lr-AdamW,step,train_mae_loss_epoch,train_mae_loss_step,train_mse_loss_epoch,train_mse_loss_step,train_rmse_epoch,train_rmse_step,val_loss,val_mae_loss,val_rmse
,1.7822504765203973e-05,0,,,,,,,,,
0,,49,,0.9079115986824036,,1.2710022926330566,,1.1273874044418335,,,
0,,88,,,,,,,1.2879638671875,0.9627745151519775,1.1342830657958984
0,,88,1.1182975769042969,,2.0444142818450928,,1.3960493803024292,,,,
,8.911252382601986e-06,89,,,,,,,,,
1,,99,,0.7699435949325562,,0.9445422291755676,,0.9718756079673767,,,
1,,149,,0.7514461874961853,,0.8340032696723938,,0.9132378101348877,,,
1,,177,,,,,,,1.155051350593567,0.9182317852973938,1.0743021965026855
1,,177,0.8363552689552307,,1.0765111446380615,,1.0333386659622192,,,,
