{
    "learning_rate": 8.371435514092233e-05,
    "n_layers": 4,
    "hidden_dim_size": 64,
    "kernel_size": 3,
    "dropout": 0.2305480922464403,
    "weight_decay": 1.9639406120171864e-05,
    "batch_norm": false,
    "teacher_forcing_ratio": 0.5422964259744988
}