{
    "train": {
        "rmse": 108.6827392578125,
        "mae": 62.05623245239258,
        "r2": 0.3284651041030884,
        "mse": 11811.9384765625,
        "mape": 34057293824.0
    },
    "validation": {
        "rmse": 113.94306945800781,
        "mae": 64.34680938720703,
        "r2": 0.2577964663505554,
        "mse": 12983.0224609375,
        "mape": 2309293568.0
    },
    "test": {
        "rmse": 133.76556396484375,
        "mae": 81.79081726074219,
        "r2": 0.16393160820007324,
        "mse": 17893.2265625,
        "mape": 270880928.0
    }
}