{
    "train": {
        "rmse": 189.57313537597656,
        "mae": 133.16831970214844,
        "r2": -0.9534389972686768
    },
    "validation": {
        "rmse": 179.64967346191406,
        "mae": 122.55929565429688,
        "r2": -0.8544871807098389
    },
    "test": {
        "rmse": 211.05816650390625,
        "mae": 152.39419555664062,
        "r2": -1.0844566822052002
    }
}