{
    "train": {
        "rmse": 189.80641174316406,
        "mae": 133.42721557617188,
        "r2": -0.9582494497299194
    },
    "validation": {
        "rmse": 179.87730407714844,
        "mae": 122.82804107666016,
        "r2": -0.8591897487640381
    },
    "test": {
        "rmse": 211.30015563964844,
        "mae": 152.70957946777344,
        "r2": -1.0892393589019775
    }
}