epoch,lr-AdamW,step,train_mae_loss_epoch,train_mae_loss_step,train_mse_loss_epoch,train_mse_loss_step,train_rmse_epoch,train_rmse_step,val_loss,val_mae_loss,val_rmse
,0.00014415447415476283,0,,,,,,,,,
0,,49,,100.29646301269531,,19947.478515625,,141.2355499267578,,,
0,,88,,,,,,,17791.375,99.2364501953125,131.4386749267578
0,,88,103.25175476074219,,23012.150390625,,149.26539611816406,,,,
,7.207723707738142e-05,89,,,,,,,,,
1,,99,,109.79357147216797,,21647.732421875,,147.13168334960938,,,
1,,149,,96.3795166015625,,22837.482421875,,151.12075805664062,,,
1,,177,,,,,,,13297.6044921875,71.5439453125,112.4356918334961
1,,177,84.89517974853516,,14800.658203125,,120.57513427734375,,,,
