{
    "train": {
        "pre": {
            "rmse": 90.9110336303711,
            "mae": 54.6928596496582,
            "r2": 0.527055025100708,
            "mse": 8264.81640625,
            "mape": 29116870656.0
        },
        "pet": {
            "rmse": 39.03425216674805,
            "mae": 30.07382583618164,
            "r2": 0.01649916172027588,
            "mse": 1523.6727294921875,
            "mape": 13893982208.0
        }
    },
    "validation": {
        "pre": {
            "rmse": 95.3831558227539,
            "mae": 60.99494552612305,
            "r2": 0.47989553213119507,
            "mse": 9097.9462890625,
            "mape": 10119359488.0
        },
        "pet": {
            "rmse": 42.80477523803711,
            "mae": 34.29487228393555,
            "r2": -3.2693748474121094,
            "mse": 1832.2486572265625,
            "mape": 29.378854751586914
        }
    },
    "test": {
        "pre": {
            "rmse": 110.1474380493164,
            "mae": 67.6928482055664,
            "r2": 0.4331059455871582,
            "mse": 12132.4580078125,
            "mape": 1091521920.0
        },
        "pet": {
            "rmse": 38.9912223815918,
            "mae": 31.02253532409668,
            "r2": -3.7278122901916504,
            "mse": 1520.3154296875,
            "mape": 28.105453491210938
        }
    }
}