{
    "train": {
        "pre": {
            "rmse": 53.17904281616211,
            "mae": 32.93572998046875,
            "r2": 0.8391816020011902,
            "mse": 2828.010498046875,
            "mape": 4790561792.0
        },
        "pet": {
            "rmse": 6.372879981994629,
            "mae": 4.591672897338867,
            "r2": 0.9727031588554382,
            "mse": 40.61359786987305,
            "mape": 1209537408.0
        }
    },
    "validation": {
        "pre": {
            "rmse": 58.326839447021484,
            "mae": 40.51746368408203,
            "r2": 0.8055158853530884,
            "mse": 3402.020263671875,
            "mape": 2103625856.0
        },
        "pet": {
            "rmse": 7.406049728393555,
            "mae": 5.713657855987549,
            "r2": 0.872193455696106,
            "mse": 54.849571228027344,
            "mape": 5.363222599029541
        }
    },
    "test": {
        "pre": {
            "rmse": 62.46102523803711,
            "mae": 42.198665618896484,
            "r2": 0.8177064061164856,
            "mse": 3901.3798828125,
            "mape": 267826176.0
        },
        "pet": {
            "rmse": 7.1138176918029785,
            "mae": 5.562958240509033,
            "r2": 0.8426263928413391,
            "mse": 50.60639953613281,
            "mape": 5.282779693603516
        }
    }
}