{
    "learning_rate": 0.00016234453047498938,
    "n_layers": 1,
    "hidden_dim_size": 512,
    "kernel_size": 3,
    "dropout": 0.2841633945481501,
    "weight_decay": 0.0009392810563355156,
    "batch_norm": true,
    "teacher_forcing_ratio": 0.437178046255531,
    "multitask_fusion": "concat",
    "weight_pre": 1.134917511261547,
    "weight_pet": 1.7195918529957337
}