{
    "learning_rate": 0.00023166833209732862,
    "n_layers": 1,
    "hidden_dim_size": 64,
    "kernel_size": 3,
    "dropout": 0.018627385619300486,
    "weight_decay": 4.9448597329855626e-06,
    "batch_norm": false,
    "teacher_forcing_ratio": 0.5660439907877823,
    "multitask_fusion": "separate",
    "weight_pre": 0.7484619141862818,
    "weight_pet": 0.6153130684765092
}