{
    "total_predictions": 262056,
    "targets": {
        "pre": {
            "valid_predictions": 262056,
            "mean_actual": 136.59742736816406,
            "mean_predicted": 140.46395874023438,
            "mean_absolute_error": 37.42902374267578,
            "rmse": 57.41795349121094,
            "r2_score": 0.8208828568458557,
            "units": "Original pre units (inverse transformed)"
        },
        "pet": {
            "valid_predictions": 262056,
            "mean_actual": 105.28992462158203,
            "mean_predicted": 105.40086364746094,
            "mean_absolute_error": 5.026875972747803,
            "rmse": 6.708191871643066,
            "r2_score": 0.8890132308006287,
            "units": "Original pet units (inverse transformed)"
        }
    },
    "multitask_info": {
        "n_targets": 2,
        "target_variables": [
            "pre",
            "pet"
        ],
        "fusion_method": "concat"
    }
}