{
    "train": {
        "rmse": 0.9110771399331411,
        "mae": 0.6919368505477905,
        "r2": 0.026296615600585938,
        "mse": 0.8300615549087524,
        "mape": 89880480.0
    },
    "validation": {
        "rmse": 0.8933628564257188,
        "mae": 0.7415109872817993,
        "r2": 0.08196204900741577,
        "mse": 0.7980971932411194,
        "mape": 221.97718811035156
    },
    "test": {
        "rmse": 1.0069601905439316,
        "mae": 0.8408350944519043,
        "r2": 0.06063598394393921,
        "mse": 1.013968825340271,
        "mape": 194.7315216064453
    }
}