{
    "total_predictions": 262056,
    "valid_predictions": 262056,
    "mean_actual": 0.0029971397016197443,
    "mean_predicted": -0.10611726343631744,
    "mean_absolute_error": 0.7928138971328735,
    "rmse": 0.9802566766738892,
    "r2_score": 0.03510308265686035,
    "units": "Original spei units (inverse transformed)"
}