epoch,lr-AdamW,step,train_mae_loss_epoch,train_mae_loss_step,train_mse_loss_epoch,train_mse_loss_step,train_rmse_epoch,train_rmse_step,val_loss,val_mae_loss,val_rmse
,8.371435514092233e-05,0,,,,,,,,,
0,,49,,82.71788787841797,,12639.4609375,,112.42535400390625,,,
0,,88,,,,,,,17587.5390625,101.00098419189453,131.31382751464844
0,,88,103.03921508789062,,21912.14453125,,145.5263214111328,,,,
,4.1857177570461166e-05,89,,,,,,,,,
1,,99,,91.35599517822266,,16235.23046875,,127.41754150390625,,,
1,,149,,50.16681671142578,,8431.607421875,,91.82378387451172,,,
1,,177,,,,,,,12985.5205078125,64.35247802734375,110.36346435546875
1,,177,79.2857894897461,,14242.6904296875,,117.85924530029297,,,,
