{
    "train": {
        "rmse": 11.24112543818745,
        "mae": 7.548360299414454,
        "r2": 0.9931208388040391
    },
    "validation": {
        "rmse": 23.00790783150566,
        "mae": 12.04889895780432,
        "r2": 0.9725405330123165
    },
    "test": {
        "rmse": 23.620501312517597,
        "mae": 13.92436323451714,
        "r2": 0.9739305800054658
    }
}