{
    "train": {
        "rmse": 1.0205131769180298,
        "mae": 0.8313348293304443,
        "r2": -0.05056583881378174
    },
    "validation": {
        "rmse": 1.1779813766479492,
        "mae": 1.0161499977111816,
        "r2": -0.5961793661117554
    },
    "test": {
        "rmse": 1.0460536479949951,
        "mae": 0.8893548250198364,
        "r2": -0.013718128204345703
    }
}