{
    "train": {
        "rmse": 47.902183046548096,
        "mae": 28.8660831451416,
        "r2": 0.8685048222541809,
        "mse": 2294.619140625,
        "mape": 4412367872.0
    },
    "validation": {
        "rmse": 45.52044419646792,
        "mae": 30.449352264404297,
        "r2": 0.8815431594848633,
        "mse": 2072.11083984375,
        "mape": 1920655232.0
    },
    "test": {
        "rmse": 60.74569171966025,
        "mae": 40.7097053527832,
        "r2": 0.8275814056396484,
        "mse": 3690.0390625,
        "mape": 144232576.0
    }
}