{
    "total_predictions": 262056,
    "valid_predictions": 262056,
    "mean_actual": 136.59742736816406,
    "mean_predicted": 133.1080322265625,
    "mean_absolute_error": 32.98167037963867,
    "rmse": 51.60059356689453,
    "r2_score": 0.8553391098976135,
    "units": "Original pre units (inverse transformed)"
}