{
    "train": {
        "pet": {
            "rmse": 103.88875579833984,
            "mae": 101.90634155273438,
            "r2": -25.451969146728516
        },
        "pre": {
            "rmse": 189.576171875,
            "mae": 133.18003845214844,
            "r2": -0.95350182056427
        }
    },
    "validation": {
        "pet": {
            "rmse": 108.58819580078125,
            "mae": 106.55699157714844,
            "r2": -25.981096267700195
        },
        "pre": {
            "rmse": 179.65423583984375,
            "mae": 122.57171630859375,
            "r2": -0.8545815944671631
        }
    },
    "test": {
        "pet": {
            "rmse": 103.70401000976562,
            "mae": 102.11389923095703,
            "r2": -31.85940170288086
        },
        "pre": {
            "rmse": 211.06292724609375,
            "mae": 152.41268920898438,
            "r2": -1.0845506191253662
        }
    }
}