{
    "train": {
        "pet": {
            "rmse": 9806.037109375,
            "mae": 97.01526641845703,
            "r2": -23.033357620239258
        },
        "pre": {
            "rmse": 34679.25,
            "mae": 129.83697509765625,
            "r2": -0.8850202560424805
        }
    },
    "validation": {
        "pet": {
            "rmse": 10749.5546875,
            "mae": 101.63340759277344,
            "r2": -23.597150802612305
        },
        "pre": {
            "rmse": 31120.650390625,
            "mae": 119.22142791748047,
            "r2": -0.7882146835327148
        }
    },
    "test": {
        "pet": {
            "rmse": 9778.31640625,
            "mae": 97.27596282958984,
            "r2": -28.876699447631836
        },
        "pre": {
            "rmse": 43091.20703125,
            "mae": 148.43365478515625,
            "r2": -1.016402244567871
        }
    }
}