{
    "train": {
        "rmse": 0.038833508292022235,
        "mae": 0.14457153962684374,
        "r2": 0.9607609902931685
    },
    "validation": {
        "rmse": 0.07696447045951871,
        "mae": 0.21227378933149513,
        "r2": 0.9152993346555353
    },
    "test": {
        "rmse": 0.056467511063344626,
        "mae": 0.18261177428040096,
        "r2": 0.9476872016170972
    }
}