{
    "train": {
        "rmse": 0.20558623196446968,
        "mae": 0.15508093181653537,
        "r2": 0.9572929607090341
    },
    "validation": {
        "rmse": 0.2854892377131625,
        "mae": 0.21808138169348462,
        "r2": 0.910303392359015
    },
    "test": {
        "rmse": 0.2600428867866072,
        "mae": 0.20364748847050548,
        "r2": 0.9373531463534749
    }
}