{
    "train": {
        "rmse": 5.179156436541803,
        "mae": 3.7765402896729006,
        "r2": 0.934316543125932
    },
    "validation": {
        "rmse": 5.677804939387878,
        "mae": 4.586583619801365,
        "r2": 0.9116693412866181
    },
    "test": {
        "rmse": 6.290103174718797,
        "mae": 4.526723865921787,
        "r2": 0.8872489861785233
    }
}