{
    "train": {
        "rmse": 0.9958991408348083,
        "mae": 0.8105509877204895,
        "r2": -0.002060532569885254
    },
    "validation": {
        "rmse": 1.0423712730407715,
        "mae": 0.893846333026886,
        "r2": -0.22641324996948242
    },
    "test": {
        "rmse": 1.130682349205017,
        "mae": 0.9616295099258423,
        "r2": -0.15720975399017334
    }
}