{
    "train": {
        "rmse": 0.9710010290145874,
        "mae": 0.7761792540550232,
        "r2": -0.08180022239685059,
        "mse": 0.942842960357666,
        "mape": 535328448.0
    },
    "validation": {
        "rmse": 1.0747507810592651,
        "mae": 0.9182550311088562,
        "r2": -0.32867980003356934,
        "mse": 1.1550891399383545,
        "mape": 157.83912658691406
    },
    "test": {
        "rmse": 1.1076525449752808,
        "mae": 0.9342508316040039,
        "r2": -0.13662290573120117,
        "mse": 1.2268941402435303,
        "mape": 145.18435668945312
    }
}