{
    "train": {
        "rmse": 0.9962352514266968,
        "mae": 0.8108501434326172,
        "r2": -0.0027369260787963867
    },
    "validation": {
        "rmse": 1.0443247556686401,
        "mae": 0.8961668014526367,
        "r2": -0.23101449012756348
    },
    "test": {
        "rmse": 1.1326053142547607,
        "mae": 0.9638330936431885,
        "r2": -0.16114914417266846
    }
}