{
    "train": {
        "rmse": 2.184229058743633,
        "mae": 1.6562595968038933,
        "r2": 0.9882751926056877
    },
    "validation": {
        "rmse": 2.6817942761578317,
        "mae": 2.0476934668066726,
        "r2": 0.9837688091698796
    },
    "test": {
        "rmse": 3.022044146122473,
        "mae": 2.1836607503949126,
        "r2": 0.9715993592316116
    }
}