{
    "train": {
        "pre": {
            "rmse": 14.690605971456513,
            "mae": 9.997435569763184,
            "r2": 0.9876049160957336,
            "mse": 215.81390380859375,
            "mape": 2088715264.0
        },
        "pet": {
            "rmse": 4.513187793505633,
            "mae": 3.326540231704712,
            "r2": 0.9872914552688599,
            "mse": 20.368864059448242,
            "mape": 1578545408.0
        }
    },
    "validation": {
        "pre": {
            "rmse": 11.425516156112762,
            "mae": 8.765296936035156,
            "r2": 0.992537260055542,
            "mse": 130.54241943359375,
            "mape": 1463109248.0
        },
        "pet": {
            "rmse": 4.682781642217733,
            "mae": 3.6455321311950684,
            "r2": 0.9489039182662964,
            "mse": 21.928443908691406,
            "mape": 3.489358425140381
        }
    },
    "test": {
        "pre": {
            "rmse": 65.13356544559994,
            "mae": 45.16815948486328,
            "r2": 0.8017730116844177,
            "mse": 4242.38134765625,
            "mape": 124625352.0
        },
        "pet": {
            "rmse": 7.461358534831491,
            "mae": 5.850528240203857,
            "r2": 0.8268740177154541,
            "mse": 55.671871185302734,
            "mape": 5.565570831298828
        }
    }
}