{
    "total_predictions": 262056,
    "targets": {
        "pre": {
            "valid_predictions": 262056,
            "mean_actual": 136.59742736816406,
            "mean_predicted": 135.9739532470703,
            "mean_absolute_error": 11.927255630493164,
            "rmse": 18.771549224853516,
            "r2_score": 0.9808555841445923,
            "units": "Original pre units (inverse transformed)"
        },
        "pet": {
            "valid_predictions": 262056,
            "mean_actual": 105.28992462158203,
            "mean_predicted": 104.83203887939453,
            "mean_absolute_error": 3.6355278491973877,
            "rmse": 4.798856735229492,
            "r2_score": 0.9432016015052795,
            "units": "Original pet units (inverse transformed)"
        }
    },
    "multitask_info": {
        "n_targets": 2,
        "target_variables": [
            "pre",
            "pet"
        ],
        "fusion_method": "shared"
    }
}