{
    "train": {
        "rmse": 16836.368068302814,
        "mae": 100.41977592901863,
        "r2": 0.08578099446750287
    },
    "validation": {
        "rmse": 17858.082447148634,
        "mae": 102.80277516486595,
        "r2": 0.07365519960477362
    },
    "test": {
        "rmse": 15156.888718490552,
        "mae": 100.60380365877266,
        "r2": 0.08329365161174196
    }
}