{
    "train": {
        "rmse": 0.983780150804215,
        "mae": 0.8087108971960166,
        "r2": 0.013265693968179115
    },
    "validation": {
        "rmse": 0.9926580297934392,
        "mae": 0.8377658083603141,
        "r2": -0.09243648745581212
    },
    "test": {
        "rmse": 0.8693783793959335,
        "mae": 0.7903968748279132,
        "r2": -0.02880531737080716
    }
}