{
    "learning_rate": 0.0002423265775851632,
    "n_layers": 4,
    "hidden_dim_size": 32,
    "kernel_size": 3,
    "dropout": 0.025297512973640756,
    "weight_decay": 4.87448494131827e-06,
    "batch_norm": false,
    "teacher_forcing_ratio": 0.46888216463166493
}