{
    "train": {
        "rmse": 103.0519790649414,
        "mae": 101.05328369140625,
        "r2": -25.02756690979004
    },
    "validation": {
        "rmse": 107.75104522705078,
        "mae": 105.70378112792969,
        "r2": -25.566680908203125
    },
    "test": {
        "rmse": 102.8641357421875,
        "mae": 101.26092529296875,
        "r2": -31.32931137084961
    }
}