{
    "train": {
        "rmse": 44.69413375854492,
        "mae": 38.76934814453125,
        "r2": -0.25968408584594727,
        "mse": 1997.565673828125,
        "mape": 25792296960.0
    },
    "validation": {
        "rmse": 49.98043441772461,
        "mae": 45.25318908691406,
        "r2": -4.820764064788818,
        "mse": 2498.0439453125,
        "mape": 39.40604782104492
    },
    "test": {
        "rmse": 45.02183151245117,
        "mae": 41.04328155517578,
        "r2": -5.303370475769043,
        "mse": 2026.96533203125,
        "mape": 37.42376708984375
    }
}