{
    "train": {
        "pre": {
            "rmse": 80.94364166259766,
            "mae": 49.33219528198242,
            "r2": 0.6244688034057617,
            "mse": 6551.87353515625,
            "mape": 22084202496.0
        },
        "pet": {
            "rmse": 12.879279136657715,
            "mae": 9.34953784942627,
            "r2": 0.8942765593528748,
            "mse": 165.87582397460938,
            "mape": 9066995712.0
        }
    },
    "validation": {
        "pre": {
            "rmse": 85.77197265625,
            "mae": 54.137935638427734,
            "r2": 0.5794302225112915,
            "mse": 7356.83154296875,
            "mape": 3103735296.0
        },
        "pet": {
            "rmse": 14.388618469238281,
            "mae": 10.727531433105469,
            "r2": 0.5175880193710327,
            "mse": 207.03233337402344,
            "mape": 9.532735824584961
        }
    },
    "test": {
        "pre": {
            "rmse": 96.06477355957031,
            "mae": 61.432132720947266,
            "r2": 0.5687972903251648,
            "mse": 9228.44140625,
            "mape": 750394368.0
        },
        "pet": {
            "rmse": 13.896890640258789,
            "mae": 10.546016693115234,
            "r2": 0.39943259954452515,
            "mse": 193.12356567382812,
            "mape": 9.716821670532227
        }
    }
}