{
    "total_predictions": 262056,
    "targets": {
        "pre": {
            "valid_predictions": 262056,
            "mean_actual": 136.59742736816406,
            "mean_predicted": 132.43885803222656,
            "mean_absolute_error": 55.75414276123047,
            "rmse": 87.74253845214844,
            "r2_score": 0.5817247629165649,
            "units": "Original pre units (inverse transformed)"
        },
        "pet": {
            "valid_predictions": 262056,
            "mean_actual": 105.28992462158203,
            "mean_predicted": 101.52145385742188,
            "mean_absolute_error": 9.857402801513672,
            "rmse": 13.316645622253418,
            "r2_score": 0.5626289248466492,
            "units": "Original pet units (inverse transformed)"
        }
    },
    "multitask_info": {
        "n_targets": 2,
        "target_variables": [
            "pre",
            "pet"
        ],
        "fusion_method": "separate"
    }
}