{
    "train": {
        "rmse": 0.9984183882242267,
        "mae": 0.8140517963544822,
        "r2": 0.00016735208215667985
    },
    "validation": {
        "rmse": 1.0214660666088948,
        "mae": 0.858577902541043,
        "r2": -0.1482710742947999
    },
    "test": {
        "rmse": 0.9399285087549587,
        "mae": 0.7986018513926211,
        "r2": -0.04547585970711765
    }
}