folder_name,train_rmse,train_mae,train_r2,validation_rmse,validation_mae,validation_r2,test_rmse,test_mae,test_r2
SPEI_Global_XGBoost,0.20558623196446968,0.15508093181653537,0.9572929607090341,0.2854892377131625,0.21808138169348462,0.910303392359015,0.2600428867866072,0.20364748847050548,0.9373531463534749
SPEI_LSTM_Global,0.983780150804215,0.8087108971960166,0.013265693968179115,0.9926580297934392,0.8377658083603141,-0.09243648745581212,0.8693783793959335,0.7903968748279132,-0.02880531737080716
SPEI_ConvLSTM_Direct,0.9110771399331411,0.6919368505477905,0.026296615600585938,0.8933628564257188,0.7415109872817993,0.08196204900741577,1.0069601905439316,0.8408350944519043,0.06063598394393921
SPEI_ConvLSTM-SingleTask,5.179156436541803,3.7765402896729006,0.934316543125932,5.677804939387878,4.586583619801365,0.9116693412866181,6.290103174718797,4.526723865921787,0.8872489861785233
SPEI_ConvLSTM-SingleTask,5.179156436541803,3.7765402896729006,0.934316543125932,5.677804939387878,4.586583619801365,0.9116693412866181,6.290103174718797,4.526723865921787,0.8872489861785233
SPEI_ConvLSTM-MultiTask,4.693301243231254,3.565560778957169,0.9460620042875194,5.318447395839683,4.154190189478585,0.9224966867954049,6.92042926164266,5.258084815526071,0.8635193805532559
SPEI_ConvLSTM-MultiTask,4.693301243231254,3.565560778957169,0.9460620042875194,5.318447395839683,4.154190189478585,0.9224966867954049,6.92042926164266,5.258084815526071,0.8635193805532559
