epoch,lr-AdamW,step,train_mae_loss_epoch,train_mae_loss_step,train_mse_loss_epoch,train_mse_loss_step,train_rmse_epoch,train_rmse_step,val_loss,val_mae_loss,val_rmse
,0.0004932058984795783,0,,,,,,,,,
0,,49,,99.53773498535156,,14747.7900390625,,121.44048309326172,,,
0,,88,,,,,,,12886.3515625,66.96053314208984,110.16046905517578
0,,88,97.96007537841797,,19337.234375,,136.54078674316406,,,,
,0.00024660294923978916,89,,,,,,,,,
1,,99,,54.582183837890625,,8488.4326171875,,92.1326904296875,,,
1,,149,,48.61832809448242,,6083.537109375,,77.99703216552734,,,
1,,177,,,,,,,7961.56787109375,51.90114974975586,87.07389068603516
1,,177,54.53107833862305,,8890.904296875,,93.07474517822266,,,,
